Symbol,Name,Last,Change,%Chg,High,Low,Volume,Time
A,"Agilent Technologies",123.64,-0.84,-0.67%,125.89,123.17,1267300,03/02/21
AAL,"American Airlines Gp",21.44,0.26,+1.23%,21.63,21.12,27502100,03/02/21
AAP,"Advance Auto Parts Inc",164.84,2.18,+1.34%,166.24,161.19,847300,03/02/21
AAPL,"Apple Inc",125.12,-2.67,-2.09%,128.72,125.01,102166500,03/02/21
ABBV,"Abbvie Inc",107.85,-0.56,-0.52%,109.38,107.81,5486200,03/02/21
ABC,"Amerisourcebergen Corp",104.25,1.08,+1.05%,104.36,102.63,742700,03/02/21
ABMD,"Abiomed Inc",325.31,1.05,+0.32%,327.78,318.46,204300,03/02/21
ABT,"Abbott Laboratories",122.53,0.32,+0.26%,123.1,121.19,4908100,03/02/21
ACN,"Accenture Plc",259.23,1.07,+0.41%,261.11,257.11,2099800,03/02/21
ADBE,"Adobe Systems Inc",466.59,-2.98,-0.63%,473.8,463.46,2210900,03/02/21
ADI,"Analog Devices",154.29,-4.3,-2.71%,159.41,154.03,3016400,03/02/21
ADM,"Archer Daniels Midland",57.37,0.07,+0.12%,57.84,57.01,2409500,03/02/21
ADP,"Automatic Data Procs",174.94,-2.56,-1.44%,177.99,173.86,2088400,03/02/21
ADSK,"Autodesk Inc",277.92,-6.35,-2.23%,286.9,277.33,1267200,03/02/21
AEE,"Ameren Corp",71.91,0.42,+0.59%,72.17,70.85,1422700,03/02/21
AEP,"American Electric Power Company",76.45,-0.26,-0.34%,77.15,75.89,3851900,03/02/21
AES,"The Aes Corp",26.81,-0.19,-0.70%,27.1,26.64,5638100,03/02/21
AFL,"Aflac Inc",48.64,-0.08,-0.16%,49.19,48.63,3894500,03/02/21
AIG,"American International Group",45.96,0.65,+1.43%,46.28,45.22,4611000,03/02/21
AIZ,"Assurant Inc",126.64,0.34,+0.27%,126.87,125.07,378300,03/02/21
AJG,"Arthur J. Gallagher & Company",121.7,-0.6,-0.49%,122.45,120.25,798200,03/02/21
AKAM,"Akamai Technologies",95.86,-0.08,-0.08%,98.56,95.84,1668900,03/02/21
ALB,"Albemarle Corp",153.72,0.77,+0.50%,158.63,153.37,1321200,03/02/21
ALGN,"Align Technology",563.21,-1.9,-0.34%,576.35,558,933200,03/02/21
ALK,"Alaska Air Group",65.42,0.59,+0.91%,65.82,64.05,1094400,03/02/21
ALL,"Allstate Corp",110.49,0.77,+0.70%,111.3,109.01,1337200,03/02/21
ALLE,"Allegion Plc",112.79,1.09,+0.98%,114.05,111,763400,03/02/21
ALXN,"Alexion Pharm Inc",150.37,-1.6,-1.05%,152.69,150.37,2346400,03/02/21
AMAT,"Applied Materials",117.5,-4.75,-3.89%,121.91,117.24,6501200,03/02/21
AMCR,"Amcor Plc",11.43,0.14,+1.24%,11.51,11.19,6094900,03/02/21
AMD,"Adv Micro Devices",84.13,-2.26,-2.62%,86.95,84.04,34803398,03/02/21
AME,"Amtek Inc",122.39,0.11,+0.09%,122.95,121.82,717200,03/02/21
AMGN,"Amgen Inc",225.69,-1.35,-0.59%,227.89,225.28,2407700,03/02/21
AMP,"Ameriprise Financial Services",225.79,-3.29,-1.44%,229.07,225.79,753600,03/02/21
AMT,"American Tower Corp",208.81,-4.96,-2.32%,214.87,208.76,2978700,03/02/21
AMZN,"Amazon.com Inc",3094.53,-51.61,-1.64%,3163.52,3087.12,2594000,03/02/21
ANET,"Arista Networks Inc",284.3,-3.64,-1.26%,288.29,282.54,624100,03/02/21
ANSS,"Ansys Inc",336.33,-9.78,-2.83%,350.78,334.91,566200,03/02/21
ANTM,"Anthem Inc",311.66,0.18,+0.06%,316.61,308.65,1328200,03/02/21
AON,"AON Plc",232.53,0.02,+0.01%,234.69,230.61,1426200,03/02/21
AOS,"Smith A.O. Corp",60.92,0.25,+0.41%,60.98,59.8,1175300,03/02/21
APA,"Apa Corp",19.5,-0.02,-0.10%,20.38,19.15,7414300,03/02/21
APD,"Air Products and Chemicals",266,4.81,+1.84%,266.97,261.39,1158300,03/02/21
APH,"Amphenol Corp",129.03,-0.93,-0.72%,130.99,128.86,1360800,03/02/21
APTV,"Aptiv Plc",154.21,-0.55,-0.36%,156.24,152.47,1098900,03/02/21
ARE,"Alexandria Real Estate Equities",160.85,1.27,+0.80%,161.6,158.73,1259000,03/02/21
ATO,"Atmos Energy Corp",87.24,1.49,+1.74%,87.44,85.8,1057900,03/02/21
ATVI,"Activision Blizzard",96.75,-1.97,-2.00%,98.99,96.59,3984500,03/02/21
AVB,"Avalonbay Communities",178.22,1.2,+0.68%,179.3,175.82,910500,03/02/21
AVGO,"Broadcom Ltd",480.51,-9.07,-1.85%,490.86,479.6,1853900,03/02/21
AVY,"Avery Dennison Corp",177.01,-1.46,-0.82%,178.85,174.74,540500,03/02/21
AWK,"American Water Works",139.64,-4.37,-3.03%,144.45,139.29,1512900,03/02/21
AXP,"American Express Company",139.25,0.54,+0.39%,140.19,138.08,2929000,03/02/21
AZO,Autozone,1180,10.61,+0.91%,1200,1146.95,380000,03/02/21
BA,"Boeing Company",223.14,-1.25,-0.56%,227.19,222.15,11105600,03/02/21
BAC,"Bank of America Corp",35.53,-0.26,-0.73%,35.94,35.5,41157801,03/02/21
BAX,"Baxter International Inc",77.68,-0.26,-0.33%,78.99,77.63,3433400,03/02/21
BBY,"Best Buy Company",102.52,0.83,+0.82%,103.75,101.46,3011600,03/02/21
BDX,"Becton Dickinson and Company",244.73,-1.33,-0.54%,247.12,243.37,829700,03/02/21
BEN,"Franklin Resources",26.96,-0.24,-0.88%,27.3,26.88,2976300,03/02/21
BF.B,"Brown Forman Inc Cl B",72.08,-0.78,-1.07%,73.69,71.72,924900,03/02/21
BIIB,"Biogen Inc",269.85,-3.39,-1.24%,275.64,269.5,1258200,03/02/21
BIO,"Bio-Rad Laboratories",591.22,-6.08,-1.02%,600.21,586.68,145400,03/02/21
BK,"Bank of New York Mellon Corp",43.6,-0.08,-0.18%,44.32,43.58,4494500,03/02/21
BKNG,"Booking Holdings Inc",2282.21,-38.29,-1.65%,2342,2275,310000,03/02/21
BKR,"Baker Hughes A Ge CO Cl A",24.37,-0.61,-2.44%,25.4,24.26,10530200,03/02/21
BLK,"Blackrock Inc",716.31,-2.89,-0.40%,723.6,713.61,455200,03/02/21
BLL,"Ball Corp",86.35,-0.15,-0.17%,87.05,86.2,1630700,03/02/21
BMY,"Bristol-Myers Squibb Company",61.27,-0.36,-0.58%,62.18,61.21,9584601,03/02/21
BR,"Broadridge Financial Solutions Llc",143.84,-2.64,-1.80%,146.51,142.93,519400,03/02/21
BRK.B,"Berkshire Hathaway Cl B",249.22,0.01,0.00%,251.34,248.37,4686000,03/02/21
BSX,"Boston Scientific Corp",38.76,-0.14,-0.36%,38.99,38.57,6064500,03/02/21
BWA,"Borgwarner Inc",46.22,0.99,+2.19%,46.87,45.04,2012700,03/02/21
BXP,"Boston Properties",101.39,0.1,+0.10%,101.7,99.29,1256600,03/02/21
C,"Citigroup Inc",68.91,-0.63,-0.91%,69.99,68.85,19196199,03/02/21
CAG,"Conagra Brands Inc",34.31,0.16,+0.47%,34.54,33.99,2760500,03/02/21
CAH,"Cardinal Health",52.97,0.22,+0.42%,53.34,52.76,1984300,03/02/21
CARR,"Carrier Global Corp [Carr/I]",37.14,-0.06,-0.16%,37.42,36.68,4431900,03/02/21
CAT,"Caterpillar Inc",215.82,-3.94,-1.79%,219.34,215.01,2853000,03/02/21
CB,"Chubb Ltd",167.61,0.25,+0.15%,169.79,166.17,1580100,03/02/21
CBOE,"CBOE Global Markets Inc",97.62,-2.7,-2.69%,101.2,97.5,848100,03/02/21
CBRE,"CBRE Group Inc",77.99,0.44,+0.57%,78.78,77,2371100,03/02/21
CCI,"Crown Castle International Corp",153.16,-0.57,-0.37%,154.5,151.77,2443300,03/02/21
CCL,"Carnival Corp",27.59,1.28,+4.87%,27.84,26.54,49238703,03/02/21
CDNS,"Cadence Design Sys",142.15,-5.29,-3.59%,147.98,141.08,2813700,03/02/21
CDW,"CDW Corp",157.1,-3.47,-2.16%,160.81,156.84,701600,03/02/21
CE,"Celanese Corp",142.72,0.21,+0.15%,144.86,142.4,775000,03/02/21
CERN,"Cerner Corp",69.61,-0.54,-0.77%,70.6,69.5,2759500,03/02/21
CF,"Cf Industries Holdings",46.01,0.11,+0.24%,46.33,45.37,1868200,03/02/21
CFG,"Citizens Financial Group Inc/Ri",44.46,0.16,+0.36%,45.2,43.93,10253800,03/02/21
CHD,"Church & Dwight Company",79.22,0.53,+0.67%,79.85,78.54,1194400,03/02/21
CHRW,"C.H. Robinson Ww",93.12,0.9,+0.98%,94.31,91.95,1367800,03/02/21
CHTR,"Charter Communicatio",616.07,-3.61,-0.58%,624.5,611.25,984800,03/02/21
CI,"Cigna Corp",219.51,4.56,+2.12%,220.47,215.12,2242500,03/02/21
CINF,"Cincinnati Financial",99.98,-1.18,-1.17%,101.44,99.5,526900,03/02/21
CL,"Colgate-Palmolive Company",75.42,-0.18,-0.24%,76.04,75.26,4976900,03/02/21
CLX,"Clorox Company",179.02,-0.75,-0.42%,181.16,178.97,1320900,03/02/21
CMA,"Comerica Inc",69.95,-0.39,-0.55%,71,69.67,1348000,03/02/21
CMCSA,"Comcast Corp A",54.25,-0.2,-0.37%,54.78,54.07,14982699,03/02/21
CME,"CME Group Inc",206.64,-3.06,-1.46%,209.42,206.09,1593300,03/02/21
CMG,"Chipotle Mexican Grill",1475.57,-9.38,-0.63%,1506,1472.34,257900,03/02/21
CMI,"Cummins Inc",257.68,-5.3,-2.02%,262.71,255.68,892500,03/02/21
CMS,"Cms Energy Corp",54.88,0.06,+0.11%,55.2,54.2,1668300,03/02/21
CNC,"Centene Corp",59.14,-0.25,-0.42%,60.25,59.05,3184000,03/02/21
CNP,"Centerpoint Energy Inc",19.57,-0.03,-0.15%,19.71,19.51,4403500,03/02/21
COF,"Capital One Financial Corp",123.46,-0.47,-0.38%,124.71,122.87,2486500,03/02/21
COG,"Cabot Oil & Gas Corp",18.77,-0.09,-0.48%,19.27,18.75,4787700,03/02/21
COO,"Cooper Companies",387.92,-2.93,-0.75%,389.79,384.53,188900,03/02/21
COP,Conocophillips,52.28,-0.33,-0.63%,53.29,52.24,7741000,03/02/21
COST,"Costco Wholesale",328.46,-3.31,-1.00%,334.69,328.42,4658900,03/02/21
CPB,"Campbell Soup Company",45.62,0.1,+0.22%,45.88,45.09,1983700,03/02/21
CPRT,"Copart Inc",109.57,-0.25,-0.23%,110.78,108.38,977000,03/02/21
CRM,"Salesforce.com Inc",213.47,-4.07,-1.87%,218.6,213.34,10207500,03/02/21
CSCO,"Cisco Systems Inc",45.51,-0.41,-0.89%,46.08,45.42,14829500,03/02/21
CSX,"CSX Corp",92.16,-0.77,-0.83%,93.02,91.59,2270000,03/02/21
CTAS,"Cintas Corp",342.4,-2.48,-0.72%,346.93,342.04,401300,03/02/21
CTLT,"Catalent Inc",113.77,-2.63,-2.26%,116.64,112.65,1045200,03/02/21
CTSH,"Cognizant Tech Sol",74.95,0.12,+0.16%,75.72,74.04,3068900,03/02/21
CTVA,"Corteva Inc",45.78,-0.49,-1.06%,46.81,45.72,2935800,03/02/21
CTXS,"Citrix Systems Inc",136.72,-1.93,-1.39%,139.49,135.17,796200,03/02/21
CVS,"CVS Corp",68.94,-0.34,-0.49%,69.64,68.87,5251300,03/02/21
CVX,"Chevron Corp",102.44,0.39,+0.38%,103.31,101.71,10643101,03/02/21
D,"Dominion Resources",69.8,-0.13,-0.19%,70.26,69.02,3995000,03/02/21
DAL,"Delta Air Lines Inc",48.23,0.17,+0.35%,48.68,47.38,11563500,03/02/21
DD,"Du Pont De.Nemours Inc",72.98,-0.55,-0.75%,74.45,72.93,6964400,03/02/21
DE,"Deere & Company",351.44,-8.07,-2.24%,359.87,349.97,1881300,03/02/21
DFS,"Discover Financial Services",96.54,-1.33,-1.36%,98.39,96.44,1362700,03/02/21
DG,"Dollar General Corp",186.5,-6.4,-3.32%,193.55,186.32,4136000,03/02/21
DGX,"Quest Diagnostics Inc",118.56,1.99,+1.71%,119.3,116.83,1240200,03/02/21
DHI,"D.R. Horton",78.78,1.14,+1.47%,79.3,76.93,3377600,03/02/21
DHR,"Danaher Corp",224.09,-1.58,-0.70%,226.74,222.13,2066000,03/02/21
DIS,"Walt Disney Company",193.94,-1.04,-0.53%,197.96,193.49,8368800,03/02/21
DISCA,"Discovery Comm A",59.24,1.06,+1.82%,60.04,57.36,7496700,03/02/21
DISCK,"Discovery Comm Inc",49.05,0.74,+1.53%,49.38,47.8,4617300,03/02/21
DISH,"Dish Network Corp",33.09,0.25,+0.76%,33.67,32.61,3036000,03/02/21
DLR,"Digital Realty Trust",131.12,-1.84,-1.38%,133.81,129.88,1761800,03/02/21
DLTR,"Dollar Tree Inc",98.95,-0.28,-0.28%,99.95,96.54,3429700,03/02/21
DOV,"Dover Corp",127.15,-0.22,-0.17%,128.14,126.43,871300,03/02/21
DOW,"Dow Inc",62.73,1.19,+1.93%,64.04,61.8,7315600,03/02/21
DPZ,"Domino's Pizza Inc",343.01,-2.05,-0.59%,347.5,340.94,592200,03/02/21
DRE,"Duke Realty Corp",38.83,-0.82,-2.07%,39.49,38.61,3147800,03/02/21
DRI,"Darden Restaurants",138.96,-0.06,-0.04%,140.09,137.01,801000,03/02/21
DTE,"Dte Energy Company",117.97,-1.13,-0.95%,119.49,117.81,870600,03/02/21
DUK,"Duke Energy Corp",87.24,0.2,+0.23%,87.87,86.45,2427600,03/02/21
DVA,"Davita Healthcare Partners Inc",103.52,0.67,+0.65%,104.01,102.5,719200,03/02/21
DVN,"Devon Energy Corp",22.48,0.08,+0.36%,23.18,22.3,10515600,03/02/21
DXC,"Dxc Technology Company",25.71,-0.25,-0.96%,26.1,25.66,1445600,03/02/21
DXCM,Dexcom,391.91,-4.76,-1.20%,398.46,387.16,665400,03/02/21
EA,"Electronic Arts Inc",136.82,-0.45,-0.33%,138.28,135.6,2720200,03/02/21
EBAY,"Ebay Inc",56.99,-1.49,-2.55%,58.66,56.88,7646600,03/02/21
ECL,"Ecolab Inc",211.54,0.32,+0.15%,213.82,210.23,702600,03/02/21
ED,"Consolidated Edison Company of New York",67.08,0.04,+0.06%,67.65,66.31,2253800,03/02/21
EFX,"Equifax Inc",166.09,-0.52,-0.31%,168.42,165.27,680900,03/02/21
EIX,"Edison International",54.9,-0.01,-0.02%,55.44,54.26,1672700,03/02/21
EL,"Estee Lauder Companies",289.54,-4.41,-1.50%,297.7,289.36,1305700,03/02/21
EMN,"Eastman Chemical Company",113.34,1.5,+1.34%,114.29,111.61,1088800,03/02/21
EMR,"Emerson Electric Company",87.63,-0.81,-0.92%,88.87,87.45,2024900,03/02/21
ENPH,"Enphase Energy Inc",171.69,-14.76,-7.92%,185.3,171.13,3341100,03/02/21
EOG,"Eog Resources",64.47,-0.51,-0.78%,65.75,63.95,3593000,03/02/21
EQIX,"Equinix Inc",640.05,-8.21,-1.27%,649.34,629.42,820400,03/02/21
EQR,"Equity Residential",67,0.25,+0.37%,67.41,65.93,2957700,03/02/21
ES,"Eversource Energy",80.72,-0.01,-0.01%,81.14,79.52,1456100,03/02/21
ESS,"Essex Property Trust",261.77,1.8,+0.69%,264.74,257.85,618500,03/02/21
ETN,"Eaton Corp",133.97,-0.27,-0.20%,134.92,133.34,1936400,03/02/21
ETR,"Entergy Corp",88.76,1,+1.14%,89.37,87.11,1746800,03/02/21
ETSY,"Etsy Inc",238.43,-6.15,-2.51%,251.86,236.78,3688200,03/02/21
EVRG,"Evergy Inc",53.61,-0.35,-0.65%,53.99,53.02,1585300,03/02/21
EW,"Edwards Lifesciences Corp",86.28,0.51,+0.59%,86.88,85.48,3315700,03/02/21
EXC,"Exelon Corp",39.31,0,0.00%,39.7,39.27,5770400,03/02/21
EXPD,"Expeditors Intl",94.44,0.69,+0.74%,94.78,92.99,1120300,03/02/21
EXPE,"Expedia Group Inc",160.27,-0.97,-0.60%,164.42,160,2089000,03/02/21
EXR,"Extra Space Storage Inc",124.73,0.94,+0.76%,126.19,122.86,985600,03/02/21
F,"Ford Motor Company",12.55,0.57,+4.76%,12.8,11.94,104744000,03/02/21
FANG,"Diamondback Energy",71.01,-2.65,-3.60%,74.14,69.89,2592700,03/02/21
FAST,"Fastenal Company",47.48,-0.99,-2.04%,48.49,47.27,3750600,03/02/21
FB,"Facebook Inc",259,-5.91,-2.23%,266.71,258.65,15181100,03/02/21
FBHS,"Fortune Brands Home & Security",85.22,-0.99,-1.15%,86.63,84.43,1018200,03/02/21
FCX,"Freeport-Mcmoran Inc",35.18,0.28,+0.80%,36.2,34.89,21612400,03/02/21
FDX,"Fedex Corp",259.6,-2.49,-0.95%,263.65,259.48,1400100,03/02/21
FE,"Firstenergy Corp",32.81,-0.6,-1.80%,33.47,32.8,3247700,03/02/21
FFIV,"F5 Networks Inc",192.16,-1.96,-1.01%,195.37,191.39,428000,03/02/21
FIS,"Fidelity National Information Services",138.93,-0.67,-0.48%,140.07,137.61,4389500,03/02/21
FISV,"Fiserv Inc",115.68,-1,-0.86%,116.87,115.09,3232100,03/02/21
FITB,"Fifth Third Bncp",36.15,0.15,+0.42%,36.34,35.7,6892200,03/02/21
FLIR,"Flir Systems Inc",53.88,-0.12,-0.22%,54.22,53.78,1694100,03/02/21
FLS,"Flowserve Corp",37.82,-0.31,-0.81%,38.26,37.43,1164500,03/02/21
FLT,"Fleetcor Technologies",283.44,0.94,+0.33%,287.33,281.1,421600,03/02/21
FMC,"FMC Corp",105.52,-1.15,-1.08%,108.86,105.28,1177900,03/02/21
FOX,"Fox Corp Cl B",36.05,2.66,+7.97%,36.71,33.07,3052400,03/02/21
FOXA,"Fox Corp Cl A",37.95,3.16,+9.08%,38.81,34.52,12604000,03/02/21
FRC,"First Republic Bank",165.5,-7.02,-4.07%,167.81,165,1946300,03/02/21
FRT,"Federal Realty Investment Trust",101.55,-2.45,-2.36%,104.49,101.05,845000,03/02/21
FTNT,"Fortinet Inc",173.35,0.09,+0.05%,174.79,171,1406500,03/02/21
FTV,"Fortive Corp",68.09,0.11,+0.16%,68.2,67.27,1430600,03/02/21
GD,"General Dynamics Corp",167.68,0.62,+0.37%,168.77,166.59,1155700,03/02/21
GE,"General Electric Company",12.98,-0.13,-0.99%,13.25,12.97,77062000,03/02/21
GILD,"Gilead Sciences Inc",63.01,0.55,+0.88%,63.59,62.35,6841700,03/02/21
GIS,"General Mills",55.07,0.33,+0.60%,55.31,54.31,4198600,03/02/21
GL,"Globe Life Inc",96.06,0.94,+0.99%,96.73,94.93,392400,03/02/21
GLW,"Corning Inc",38.74,-0.73,-1.85%,39.7,38.72,3859400,03/02/21
GM,"General Motors Company",54.11,1.57,+2.99%,55.29,52.19,36255699,03/02/21
GOOG,"Alphabet Cl C",2075.84,-5.67,-0.27%,2104.37,2071.26,1134200,03/02/21
GOOGL,"Alphabet Cl A",2064.48,-5.18,-0.25%,2094.74,2056.67,1278000,03/02/21
GPC,"Genuine Parts Company",109.19,0.88,+0.81%,109.92,106.56,948100,03/02/21
GPN,"Global Payments Inc",202.1,-0.08,-0.04%,205.34,201.32,1956200,03/02/21
GPS,"Gap Inc",25.73,0.14,+0.55%,26.5,25.31,8421600,03/02/21
GRMN,"Garmin Ltd",127.01,-1.26,-0.98%,128.7,126.57,819300,03/02/21
GS,"Goldman Sachs Group",330.94,1.02,+0.31%,336.19,329.51,2850000,03/02/21
GWW,"W.W. Grainger",385.66,-2.16,-0.56%,387.55,382.65,205200,03/02/21
HAL,"Halliburton Company",22.28,-0.73,-3.17%,23.43,22.26,9703900,03/02/21
HAS,"Hasbro Inc",95.29,0.23,+0.24%,95.91,93.36,753500,03/02/21
HBAN,"Huntington Bcshs",15.74,-0.09,-0.57%,15.98,15.72,9216000,03/02/21
HBI,"Hanesbrands Inc",18.29,0.16,+0.88%,18.51,18.02,4190800,03/02/21
HCA,"Hca Holdings Inc",178.18,2.72,+1.55%,178.94,175.49,1191600,03/02/21
HD,"Home Depot",260.29,-1.33,-0.51%,263.11,259.77,3740000,03/02/21
HES,"Hess Corp",64.73,-0.8,-1.22%,66.79,64.61,2509400,03/02/21
HFC,"Hollyfrontier Corp",36.98,-1.2,-3.14%,38.54,36.95,1773100,03/02/21
HIG,"Hartford Financial Services Group",51.6,-0.36,-0.69%,52.01,51.54,1885300,03/02/21
HII,"Huntington Ingalls Industries",179.63,1.22,+0.68%,180.39,177.33,283300,03/02/21
HLT,"Hilton Inc",124.25,0.49,+0.40%,125.09,122.5,3325600,03/02/21
HOLX,"Hologic Inc",74.82,0.18,+0.24%,75.85,74.77,1496600,03/02/21
HON,"Honeywell International Inc",206.58,0.36,+0.17%,207.99,205.18,2500100,03/02/21
HPE,"Hewlett Packard Enterprise Comp",14.5,-0.1,-0.68%,14.65,14.36,13981400,03/02/21
HPQ,"HP Inc",30.04,0.46,+1.56%,30.29,29.33,10928500,03/02/21
HRL,"Hormel Foods Corp",46.84,0.5,+1.08%,47.37,46.32,2160900,03/02/21
HSIC,"Henry Schein Inc",62.92,-1.63,-2.53%,64.86,62.7,1409000,03/02/21
HST,"Host Marriott Financial Trust",16.01,-0.41,-2.50%,16.41,15.91,6756600,03/02/21
HSY,"Hershey Foods Corp",145.35,0.16,+0.11%,146.48,143.58,969600,03/02/21
HUM,"Humana Inc",386.3,1.38,+0.36%,388.72,381.99,845400,03/02/21
HWM,"Howmet Aerospace Inc",28.98,0.03,+0.10%,29.34,28.61,2272800,03/02/21
IBM,"International Business Machines",120.33,-0.41,-0.34%,121.9,120.26,4523500,03/02/21
ICE,"Intercontinental Exchange",113.62,-0.12,-0.11%,114.97,113.08,1872500,03/02/21
IDXX,"Idexx Laboratories",529.47,-8.7,-1.62%,543.28,527.17,312000,03/02/21
IEX,"Idex Corp",199.77,-0.14,-0.07%,200.63,197.55,282300,03/02/21
IFF,"International Flavors & Fragrances",137.15,-2,-1.44%,139.43,136.46,2037700,03/02/21
ILMN,"Illumina Inc",441.01,-5.49,-1.23%,448.35,438.07,753000,03/02/21
INCY,"Incyte Corp",78.56,-1.07,-1.34%,79.57,78.52,799800,03/02/21
INFO,"IHS Markit Ltd",91.73,-0.79,-0.85%,92.42,91.4,1580100,03/02/21
INTC,"Intel Corp",61.24,-1.64,-2.61%,63.14,61.11,23314299,03/02/21
INTU,"Intuit Inc",401.75,-4.66,-1.15%,406.52,398.67,1198300,03/02/21
IP,"International Paper Company",52.27,0.51,+0.99%,52.65,51.6,4260800,03/02/21
IPG,"Interpublic Group of Companies",26.96,0.17,+0.63%,27.03,26.57,3842100,03/02/21
IPGP,"Ipg Photonics Corp",220.59,-8.18,-3.58%,230.84,220.13,300400,03/02/21
IQV,"Iqvia Holdings Inc",192.74,-1.65,-0.85%,194.79,190.12,609500,03/02/21
IR,"Ingersoll Rand Inc",46.8,-0.66,-1.39%,47.5,46.75,1548500,03/02/21
IRM,"Iron Mountain Inc",35.16,0.43,+1.24%,35.55,34.6,2747200,03/02/21
ISRG,"Intuitive Surg Inc",750,-9.21,-1.21%,760,746.78,390900,03/02/21
IT,"Gartner Inc",183.27,-0.92,-0.50%,184.34,180.56,555400,03/02/21
ITW,"Illinois Tool Works Inc",206.5,0.06,+0.03%,207.76,205.05,778300,03/02/21
IVZ,"Invesco Plc",23.95,-0.79,-3.19%,24.92,23.94,5617300,03/02/21
J,"Jacobs Engineering Group Inc",114.55,-0.63,-0.55%,116,114.16,556000,03/02/21
JBHT,"J B Hunt Transport",150.73,1.34,+0.90%,152.56,148.02,540800,03/02/21
JCI,"Johnson Controls Intl",57.45,0.27,+0.47%,57.56,56.43,4509700,03/02/21
JKHY,"Jack Henry & Assoc",151.67,-0.44,-0.29%,154.32,150.34,595100,03/02/21
JNJ,"Johnson & Johnson",159.02,-0.3,-0.19%,160.78,158.6,7608100,03/02/21
JNPR,"Juniper Networks",23.8,-0.17,-0.71%,24.08,23.78,2810100,03/02/21
JPM,"JP Morgan Chase & Company",150.01,-0.49,-0.33%,151.78,149.84,14220899,03/02/21
K,"Kellogg Company",57.23,0.32,+0.56%,57.63,56.93,2664900,03/02/21
KEY,Keycorp,20.65,-0.09,-0.43%,20.88,20.59,5746800,03/02/21
KEYS,"Keysight Technologies Inc Comm",141.76,-2.69,-1.86%,145.23,141.43,887900,03/02/21
KHC,"Kraft Heinz Company",37.32,0.23,+0.62%,37.63,36.89,5416600,03/02/21
KIM,"Kimco Realty Corp",18.15,-0.42,-2.26%,18.47,18,4534500,03/02/21
KLAC,"K L A-Tencor Corp",309.82,-16.17,-4.96%,326.68,309.65,1175800,03/02/21
KMB,"Kimberly-Clark Corp",129.13,0.74,+0.58%,129.93,128.02,2413000,03/02/21
KMI,"Kinder Morgan",15.09,0.05,+0.33%,15.23,15.01,13687900,03/02/21
KMX,"Carmax Inc",120.98,-0.41,-0.34%,121.91,119.62,1039300,03/02/21
KO,"Coca-Cola Company",50.1,0.2,+0.40%,50.56,49.7,11754600,03/02/21
KR,"Kroger Company",32.56,-0.33,-1.00%,33.26,32.3,11486600,03/02/21
KSU,"Kansas City Southern",210.14,-5.99,-2.77%,216.18,210.01,990300,03/02/21
L,"Loews Corp",49.38,-0.14,-0.28%,49.85,49.26,812700,03/02/21
LB,"L Brands Inc",55.82,-0.93,-1.64%,57.63,55.59,2313600,03/02/21
LDOS,"Leidos Holdings Inc",90.04,-2.4,-2.60%,92.84,90.04,1214000,03/02/21
LEG,"Leggett & Platt Inc",44.92,0.87,+1.98%,45.16,44.06,1019900,03/02/21
LEN,"Lennar Corp",84.39,1.79,+2.17%,84.74,81.74,3125700,03/02/21
LH,"Laboratory Corp of America Holdings",243.65,2.15,+0.89%,246.92,241.79,776100,03/02/21
LHX,"L3Harris Technologies Inc",186,1.38,+0.75%,187.48,184,1052000,03/02/21
LIN,"Linde Plc",254.01,2.52,+1.00%,256.99,253,1671200,03/02/21
LKQ,"LKQ Corp",39.87,-0.46,-1.14%,40.5,39.68,1744300,03/02/21
LLY,"Eli Lilly and Company",204.14,-2.33,-1.13%,209.95,204.1,3444900,03/02/21
LMT,"Lockheed Martin Corp",338.59,5.12,+1.54%,340.01,332.67,2076100,03/02/21
LNC,"Lincoln National Corp",57.51,-0.66,-1.13%,58.93,57.41,1365500,03/02/21
LNT,"Alliant Energy Corp",47.11,0.02,+0.04%,47.32,46.37,1092400,03/02/21
LOW,"Lowe's Companies",163.05,1.11,+0.69%,164.79,162.4,4330900,03/02/21
LRCX,"Lam Research Corp",573.36,-25.45,-4.25%,598.76,572.4,1463500,03/02/21
LUMN,Centurylink,12.85,0.34,+2.72%,13.06,12.49,17506000,03/02/21
LUV,"Southwest Airlines Company",57.81,-0.25,-0.43%,58.4,57.22,6556500,03/02/21
LVS,"Las Vegas Sands",64.95,1.9,+3.01%,65.2,63.05,6503900,03/02/21
LW,"Lamb Weston Holdings Inc",81.34,0.07,+0.09%,81.9,78.87,781900,03/02/21
LYB,"Lyondellbasell Industries NV",107.9,1.56,+1.47%,109.44,106.96,2157800,03/02/21
LYV,"Live Nation Entertainment",90.57,-2.29,-2.47%,92.79,89.84,1900800,03/02/21
MA,"Mastercard Inc",362.82,-0.08,-0.02%,366.61,359.34,3559200,03/02/21
MAA,"Mid-America Apartment Communities",135.3,-0.24,-0.18%,136.87,134,919200,03/02/21
MAR,"Marriot Int Cl A",148.95,0.48,+0.32%,149.78,145.87,2893000,03/02/21
MAS,"Masco Corp",53.99,-0.49,-0.90%,54.66,53.5,1845000,03/02/21
MCD,"McDonald's Corp",208.67,0.42,+0.20%,209.9,206.19,3016100,03/02/21
MCHP,"Microchip Technology",152.09,-6.01,-3.80%,157.57,151.88,1659000,03/02/21
MCK,"Mckesson Corp",173.72,-0.03,-0.02%,174.83,172.95,970900,03/02/21
MCO,"Moody's Corp",281.13,-1.34,-0.47%,283.47,278.81,702800,03/02/21
MDLZ,"Mondelez Intl Inc",53.68,0.02,+0.04%,54.15,53.15,7706700,03/02/21
MDT,"Medtronic Inc",117.87,0.01,+0.01%,118.49,117.12,3688200,03/02/21
MET,"Metlife Inc",58.96,-0.48,-0.81%,60.02,58.95,5833700,03/02/21
MGM,"MGM Resorts International",38.54,0.24,+0.63%,38.9,37.65,9427399,03/02/21
MHK,"Mohawk Industries",181.48,1.72,+0.96%,183.08,179.27,554700,03/02/21
MKC,"Mccormick & Company Inc",84.9,0.35,+0.41%,85.51,84.11,866500,03/02/21
MKTX,"Marketaxess Holdings",578.88,-0.19,-0.03%,587.05,574.22,245400,03/02/21
MLM,"Martin Marietta Materials",336.59,-10.97,-3.16%,349.62,334.58,591000,03/02/21
MMC,"Marsh & Mclennan Companies",115.96,-1.5,-1.28%,117.46,115.42,1757100,03/02/21
MMM,"3M Company",177.11,0.7,+0.40%,177.79,174.79,2272400,03/02/21
MNST,"Monster Beverage Cp",86.88,-0.67,-0.77%,88.49,86.8,2275500,03/02/21
MO,"Altria Group",44.72,0.18,+0.40%,45.13,44.54,7764100,03/02/21
MOS,"Mosaic Company",31.23,0.52,+1.69%,32.21,30.87,6140400,03/02/21
MPC,"Marathon Petroleum Corp",56.03,-0.07,-0.12%,57.07,55.65,6094300,03/02/21
MPWR,"Monolithic Power Sys",370.58,-18.47,-4.75%,390.44,369.29,354700,03/02/21
MRK,"Merck & Company",72.85,0.47,+0.65%,73.49,72.4,15307700,03/02/21
MRO,"Marathon Oil Corp",11.23,0.03,+0.27%,11.73,11.09,20342799,03/02/21
MS,"Morgan Stanley",80.79,1.63,+2.06%,81.54,79.6,11955399,03/02/21
MSCI,"MSCI Inc",418.81,-1.22,-0.29%,429.56,410.38,726200,03/02/21
MSFT,"Microsoft Corp",233.87,-3.07,-1.30%,237.3,233.45,22801799,03/02/21
MSI,"Motorola Solutions",179.84,-2.61,-1.43%,182.65,179.79,947100,03/02/21
MTB,"M&T Bank Corp",154.61,0.38,+0.25%,156.17,153.39,776100,03/02/21
MTD,"Mettler-Toledo International",1122.57,-12.1,-1.07%,1138.62,1113.54,116800,03/02/21
MU,"Micron Technology",91.09,-3.67,-3.87%,94.9,90.9,18671301,03/02/21
MXIM,"Maxim Integrated",92.63,-2.55,-2.68%,95.54,92.46,1172100,03/02/21
NCLH,"Norwegian Cruise Ord",31.18,1.33,+4.46%,31.58,30.17,18446799,03/02/21
NDAQ,"Nasdaq Inc",140.64,-1.23,-0.87%,142.21,139.14,619300,03/02/21
NEE,"Nextera Energy",75.54,-0.37,-0.49%,76.85,75.45,8738500,03/02/21
NEM,"Newmont Mining Corp",56.8,2.15,+3.93%,57.39,54.82,9267500,03/02/21
NFLX,"Netflix Inc",547.82,-2.82,-0.51%,556.99,546.02,3041600,03/02/21
NI,"NiSource Inc",21.77,-0.23,-1.05%,22.03,21.65,3950200,03/02/21
NKE,"Nike Inc",137.02,-0.63,-0.46%,138.26,135.61,5292800,03/02/21
NLOK,"Nortonlifelock Inc",19.94,0.28,+1.42%,20.13,19.42,7697600,03/02/21
NLSN,"Nielsen Holdings Plc",24.89,1.75,+7.56%,25.05,23.9,9636000,03/02/21
NOC,"Northrop Grumman Corp",298.78,5.32,+1.81%,300.5,293.26,1802100,03/02/21
NOV,"Nov Inc",15,-0.64,-4.09%,15.86,14.97,5345300,03/02/21
NOW,"Servicenow Inc",549.3,-7.17,-1.29%,562.43,548.31,1121500,03/02/21
NRG,"NRG Energy",39.28,-1.08,-2.68%,40.63,38.58,4541700,03/02/21
NSC,"Norfolk Southern Corp",256.38,-1.45,-0.56%,258.64,255.73,1708500,03/02/21
NTAP,"Netapp Inc",63.72,-1.51,-2.31%,65.39,63.68,2083000,03/02/21
NTRS,"Northern Trust Corp",97.3,-1.55,-1.57%,99.14,97.22,878100,03/02/21
NUE,"Nucor Corp",61.81,0.29,+0.47%,62.51,61.3,2395800,03/02/21
NVDA,"Nvidia Corp",536.25,-17.42,-3.15%,556.82,535.84,6596300,03/02/21
NVR,"NVR Inc",4657.96,85,+1.86%,4687.55,4538.85,22200,03/02/21
NWL,"Newell Rubbermaid Inc",24.05,-0.07,-0.29%,24.23,23.73,3321500,03/02/21
NWS,"News Cp Cl B",23.1,-0.63,-2.65%,23.78,23.09,335500,03/02/21
NWSA,"News Cp Cl A",23.64,-0.72,-2.96%,24.38,23.61,3990900,03/02/21
O,"Realty Income Corp",60.37,-0.14,-0.23%,60.72,59.71,3408900,03/02/21
ODFL,"Old Dominion Freight Line Inc",222.41,1.69,+0.77%,223.31,217.8,636000,03/02/21
OKE,"Oneok Inc",46.89,-0.58,-1.22%,47.63,46.73,2787700,03/02/21
OMC,"Omnicom Group Inc",71.64,0.59,+0.83%,72.07,70.54,1237300,03/02/21
ORCL,"Oracle Corp",66.66,0.49,+0.74%,67.42,66,13281700,03/02/21
ORLY,"O'Reilly Automotive",451.36,0.13,+0.03%,452.75,446.56,695400,03/02/21
OTIS,"Otis Worldwide Corp",65.41,0.48,+0.74%,65.85,64.33,2657400,03/02/21
OXY,"Occidental Petroleum Corp",27.82,0.18,+0.65%,28.51,27.32,16546201,03/02/21
PAYC,"Paycom Software Inc",380.21,-6.74,-1.74%,391.03,379.98,372300,03/02/21
PAYX,"Paychex Inc",92.14,-0.61,-0.66%,93.19,91.65,1515300,03/02/21
PBCT,"People's United Finl",18.15,-0.08,-0.44%,18.4,18.04,4178200,03/02/21
PCAR,"Paccar Inc",94.18,0.46,+0.49%,94.7,92.82,2047000,03/02/21
PEAK,"Healthpeak Properties Inc",29.77,0.19,+0.64%,30,29.09,5302100,03/02/21
PEG,"Public Service Enterprise Group Inc",54.61,-0.48,-0.87%,55.26,54.12,1895300,03/02/21
PEP,"Pepsico Inc",131.07,0.45,+0.34%,132.03,130.38,5613800,03/02/21
PFE,"Pfizer Inc",33.51,-0.18,-0.53%,33.89,33.5,27655301,03/02/21
PFG,"Principal Financial Group Inc",57.8,-0.41,-0.70%,58.33,57.5,1310600,03/02/21
PG,"Procter & Gamble Company",123.9,-0.39,-0.31%,124.86,123.43,10206400,03/02/21
PGR,"Progressive Corp",88.71,1.07,+1.22%,89.24,87.33,2911400,03/02/21
PH,"Parker-Hannifin Corp",295.97,-1.61,-0.54%,298.54,295.09,645700,03/02/21
PHM,Pultegroup,46.19,0.72,+1.58%,46.47,45.02,2417800,03/02/21
PKG,"Packaging Corp of America",136.41,0.52,+0.38%,137.29,135.2,706200,03/02/21
PKI,Perkinelmer,127.53,-2.19,-1.69%,130.82,127.44,1057400,03/02/21
PLD,"Prologis Inc",99.09,-0.34,-0.34%,99.92,97.57,4855300,03/02/21
PM,"Philip Morris International Inc",85.07,0.12,+0.14%,85.85,84.68,3563600,03/02/21
PNC,"PNC Bank",173.09,0.02,+0.01%,177.81,171.85,1806700,03/02/21
PNR,"Pentair Ltd",57.7,-0.58,-1.00%,58.41,57.14,603100,03/02/21
PNW,"Pinnacle West Capital Corp",73.72,1.42,+1.96%,74.37,72.05,954500,03/02/21
POOL,"Pool Corp",330.7,-3.5,-1.05%,334.63,327.08,515700,03/02/21
PPG,"PPG Industries",140.77,2.92,+2.12%,142.38,137.96,2241900,03/02/21
PPL,"PPL Corp",27.14,0.25,+0.93%,27.32,26.77,4223300,03/02/21
PRGO,"Perrigo Company",42.09,-0.17,-0.40%,43.3,42.05,2374500,03/02/21
PRU,"Prudential Financial Inc",89.02,0.4,+0.45%,89.74,88.84,2003000,03/02/21
PSA,"Public Storage",234.43,2.46,+1.06%,236.03,230.23,917000,03/02/21
PSX,"Phillips 66",82.27,-2.43,-2.87%,85.34,82.19,2353700,03/02/21
PVH,"Phillips-Van Heusen Corp",102.11,1.9,+1.90%,102.84,99.57,596400,03/02/21
PWR,"Quanta Services",84.21,-1.49,-1.74%,85.38,83.56,1331000,03/02/21
PXD,"Pioneer Natural Resources Company",149.75,1.28,+0.86%,150.41,147.32,2019700,03/02/21
PYPL,"Paypal Holdings",269.19,-4.44,-1.62%,277.5,268.91,8480300,03/02/21
QCOM,"Qualcomm Inc",137.04,-2.45,-1.76%,140.1,136.77,8690899,03/02/21
QRVO,"Qorvo Inc",177.45,-4.86,-2.67%,182.75,177.33,1387400,03/02/21
RCL,"Royal Caribbean Cruises Ltd",93.62,2.27,+2.48%,95.5,91.99,19535801,03/02/21
RE,"Everest Re Group",241.92,-0.72,-0.30%,244.53,240.77,186300,03/02/21
REG,"Regency Centers Corp",54.15,-1.14,-2.05%,55.17,53.83,1671100,03/02/21
REGN,"Regeneron Pharmaceuticals",454.86,-8.19,-1.77%,466,454.35,759300,03/02/21
RF,"Regions Financial Corp",21.11,-0.21,-0.98%,21.43,21.08,7403500,03/02/21
RHI,"Robert Half International Inc",77.61,-1.43,-1.81%,79.85,77.53,1228400,03/02/21
RJF,"Raymond James Financial",118.27,-2.76,-2.28%,120.89,118.18,693900,03/02/21
RL,"Ralph Lauren Corp",121.64,1.3,+1.08%,122.68,119.54,1260000,03/02/21
RMD,"Resmed Inc",193.21,-2.41,-1.23%,196.38,192.35,498800,03/02/21
ROK,"Rockwell Automation Inc",248.71,-2.53,-1.01%,252.34,247.75,438100,03/02/21
ROL,"Rollins Inc",33.5,-0.57,-1.67%,34.16,33.42,1142400,03/02/21
ROP,"Roper Industries",381.09,-3.83,-1.00%,387.38,378.04,502800,03/02/21
ROST,"Ross Stores Inc",117.64,-2.93,-2.43%,121,116.37,2257000,03/02/21
RSG,"Republic Services",91.61,0.86,+0.95%,91.93,90.35,1489900,03/02/21
RTX,"Raytheon Technologies Corp",74.67,0.31,+0.42%,75.42,74.2,5792100,03/02/21
SBAC,"SBA Communications",246.33,-1.61,-0.65%,248.99,242.88,924600,03/02/21
SBUX,"Starbucks Corp",107.2,0.33,+0.31%,108.25,105.82,5015100,03/02/21
SCHW,"The Charles Schwab Corp",63.8,-0.3,-0.47%,64.78,63.43,6079600,03/02/21
SEE,"Sealed Air Corp",43.62,0.57,+1.32%,43.87,42.91,1035800,03/02/21
SHW,"Sherwin-Williams Company",689.68,-4.16,-0.60%,696.77,684.4,494200,03/02/21
SIVB,"Svb Financial Group",521.25,-10,-1.88%,533.34,520.46,233500,03/02/21
SJM,"J.M. Smucker Company",113.03,0.97,+0.87%,114.15,112.33,1347500,03/02/21
SLB,"Schlumberger N.V.",28.14,-0.58,-2.02%,29.2,28.12,13582400,03/02/21
SLG,"SL Green Realty Corp",70.51,-0.94,-1.32%,71.79,70.18,1376400,03/02/21
SNA,"Snap-On Inc",209.91,1.23,+0.59%,211.53,207.8,651000,03/02/21
SNPS,"Synopsys Inc",247.87,-6.3,-2.48%,257.23,246.2,1001500,03/02/21
SO,"Southern Company",57.83,0.05,+0.09%,58.33,57.11,3574300,03/02/21
SPG,"Simon Property Group",111.68,-2.24,-1.97%,114.11,111.34,3371200,03/02/21
SPGI,"S&P Global Inc",332.94,-4.59,-1.36%,337.41,332.73,1748400,03/02/21
SRE,"Sempra Energy",117.13,-0.77,-0.65%,118.2,116.78,2145500,03/02/21
STE,"Steris Corp",177.77,0,0.00%,178.78,175.78,612100,03/02/21
STT,"State Street Corp",77.03,0.29,+0.38%,77.98,76.36,2823600,03/02/21
STX,"Seagate Tech Ord Shs",72.52,-1.29,-1.75%,74.18,72.4,2241600,03/02/21
STZ,"Constellation Brands Inc",218.15,0.4,+0.18%,219.6,217.65,967900,03/02/21
SWK,"Stanley Black & Decker Inc",185.47,4.74,+2.62%,186.32,180.28,2358000,03/02/21
SWKS,"Skyworks Solutions",179.89,-6.57,-3.52%,187.31,179.83,1575200,03/02/21
SYF,"Synchrony Financial",39.56,-0.44,-1.10%,40.29,39.44,6106500,03/02/21
SYK,"Stryker Corp",245.39,-0.42,-0.17%,247.16,243.51,996400,03/02/21
SYY,"Sysco Corp",80.03,-0.88,-1.09%,81.3,79.83,2210700,03/02/21
T,"AT&T Inc",28.22,0.13,+0.46%,28.46,28.08,35719602,03/02/21
TAP,"Molson Coors Brewing Company",44.97,0.12,+0.27%,45.36,44.37,1795400,03/02/21
TDG,"Transdigm Group Inc",596.75,-0.12,-0.02%,600.98,591.83,193000,03/02/21
TDY,"Teledyne Technologies Inc",374.81,-5.48,-1.44%,380.43,373.33,233600,03/02/21
TEL,"Te Connectivity Ltd",134.79,0.61,+0.45%,135.53,133.09,2186600,03/02/21
TER,"Teradyne Inc",126.8,-7.2,-5.37%,133.99,126.74,1698100,03/02/21
TFC,"Truist Financial Corp",58.26,-0.55,-0.94%,59.03,58.16,5087600,03/02/21
TFX,"Teleflex Inc",403.78,0.1,+0.02%,406.68,397.25,178600,03/02/21
TGT,"Target Corp",173.49,-12.6,-6.77%,193.58,172.17,22085100,03/02/21
TJX,"TJX Companies",66.21,-1.04,-1.55%,67.67,65.76,8987600,03/02/21
TMO,"Thermo Fisher Scientific Inc",462.11,2.55,+0.55%,467.31,458.08,1718200,03/02/21
TMUS,"T-Mobile US",122.45,-1.12,-0.91%,124.56,122.42,4797300,03/02/21
TPR,"Tapestry Inc",42.32,0.82,+1.98%,42.47,41.09,3704400,03/02/21
TRMB,"Trimble Navigation",75.57,-1.99,-2.57%,77.69,75.53,1429700,03/02/21
TROW,"T Rowe Price Group",169.65,1.43,+0.85%,175.05,167.6,1410700,03/02/21
TRV,"The Travelers Companies Inc",149.12,-1.27,-0.84%,150.92,149.02,1221300,03/02/21
TSCO,"Tractor Supply Company",158.91,-3.63,-2.23%,163.66,158.29,980700,03/02/21
TSLA,"Tesla Inc",686.44,-31.99,-4.45%,721.11,685,23692400,03/02/21
TSN,"Tyson Foods",68.68,0.14,+0.20%,69.25,68.25,1811000,03/02/21
TT,"Trane Technologies Plc",158.16,-0.31,-0.20%,158.91,155.84,1180700,03/02/21
TTWO,"Take-Two Interacti",188.17,0.72,+0.38%,190.81,186.31,1086900,03/02/21
TWTR,"Twitter Inc",73.67,-3.96,-5.10%,77.1,73.56,20497900,03/02/21
TXN,"Texas Instruments",174.89,-2.78,-1.56%,177.66,174.15,5401500,03/02/21
TXT,"Textron Inc",51.43,-0.13,-0.25%,51.86,51.09,802000,03/02/21
TYL,"Tyler Technologies",464.45,-12.6,-2.64%,475.64,463.99,129600,03/02/21
UA,"Under Armour Inc Cl C",19.02,0.07,+0.37%,19.18,18.83,2114100,03/02/21
UAA,"Under Armour",22.87,0.13,+0.57%,23.12,22.61,8022600,03/02/21
UAL,"United Airlines Holdings Inc",53.21,-0.1,-0.19%,54.05,52.75,12352199,03/02/21
UDR,"United Dominion Realty Trust",42.11,0.02,+0.05%,42.44,41.63,1961400,03/02/21
UHS,"Universal Health Services",129.35,1.45,+1.13%,130.51,127.01,560500,03/02/21
ULTA,"Ulta Beauty Inc",336.82,-0.6,-0.18%,341.5,335,757300,03/02/21
UNH,"Unitedhealth Group Inc",334.64,-0.01,0.00%,337.67,333.89,2568700,03/02/21
UNM,"Unumprovident Corp",26.88,-0.32,-1.18%,27.33,26.88,1957400,03/02/21
UNP,"Union Pacific Corp",209.3,0.12,+0.06%,210.64,207.33,2315400,03/02/21
UPS,"United Parcel Service",161.37,-0.1,-0.06%,163.17,159.89,2653700,03/02/21
URI,"United Rentals",293.42,-9.07,-3.00%,304.05,292.42,694800,03/02/21
USB,"U.S. Bancorp",50.65,-0.51,-1.00%,51.4,50.6,7360500,03/02/21
V,"Visa Inc",215.77,-0.86,-0.40%,217.93,214.82,6154900,03/02/21
VAR,"Varian Medical Systems",176.06,0.15,+0.09%,176.18,175.76,627600,03/02/21
VFC,"V.F. Corp",82.19,1.02,+1.26%,82.46,80.66,2088500,03/02/21
VIAC,"Viacomcbs Inc Cl B",68.72,1.59,+2.37%,69.37,66.79,14417200,03/02/21
VLO,"Valero Energy Corp",76.63,-1.17,-1.50%,78.76,76.58,3458200,03/02/21
VMC,"Vulcan Materials Company",168.94,-3.02,-1.76%,173,168.62,733400,03/02/21
VNO,"Vornado Realty Trust",43.67,-0.39,-0.89%,44.39,43.33,2304700,03/02/21
VNT,"Vontier Corp",31.6,-0.66,-2.05%,32.21,31.32,930700,03/02/21
VRSK,"Verisk Analytics Inc",166.38,-0.66,-0.40%,167.12,164.23,2617300,03/02/21
VRSN,"Verisign Inc",193.99,-1.81,-0.92%,196.36,192.26,584000,03/02/21
VRTX,"Vertex Pharmaceutic",212.06,1.68,+0.80%,214.13,211.45,2491300,03/02/21
VTR,"Ventas Inc",53.01,0.26,+0.49%,53.26,51.95,2369400,03/02/21
VTRS,"Viatris Inc",14.29,-0.43,-2.92%,14.7,14.14,16230200,03/02/21
VZ,"Verizon Communications Inc",54.98,-0.38,-0.69%,55.52,54.92,17177400,03/02/21
WAB,"Wabtec Corp",74.77,-0.1,-0.13%,75.9,74.47,1771900,03/02/21
WAT,"Waters Corp",274.03,-3.01,-1.09%,277.68,272.7,290500,03/02/21
WBA,"Walgreens Boots Alliance",47.44,-0.41,-0.86%,47.94,47.16,4142300,03/02/21
WDC,"Western Digital Cp",69.54,-2.67,-3.70%,72.7,69.48,4516500,03/02/21
WEC,"Wisconsin Energy Corp",83.03,0.24,+0.29%,83.34,81.7,1530300,03/02/21
WELL,"Welltower Inc",68.62,0.14,+0.20%,68.93,67.41,2594700,03/02/21
WFC,"Wells Fargo & Company",37.14,0.05,+0.13%,37.45,36.99,19683600,03/02/21
WHR,"Whirlpool Corp",194.02,-3.68,-1.86%,200.3,194,554300,03/02/21
WLTW,"Willis Towers WT",227.11,0.39,+0.17%,229.45,224.95,814400,03/02/21
WM,"Waste Management",114.33,1.85,+1.64%,114.5,111.83,3245000,03/02/21
WMB,"Williams Companies",23.72,0.13,+0.55%,23.95,23.54,6193700,03/02/21
WMT,"Wal-Mart Stores",130.11,-1.26,-0.96%,132.75,130.01,9740700,03/02/21
WRB,"W.R. Berkley Corp",70.48,0.35,+0.50%,71.25,69.91,654800,03/02/21
WRK,"Westrock Company",46.77,0.6,+1.30%,47.67,45.96,5008400,03/02/21
WST,"West Pharmaceutical Services",278.1,-4.89,-1.73%,284.98,277.26,323900,03/02/21
WU,"Western Union Company",23.68,0,0.00%,23.91,23.56,3191300,03/02/21
WY,"Weyerhaeuser Company",33.79,-1.27,-3.62%,35,33.78,5818800,03/02/21
WYNN,"Wynn Resorts Ltd",133,1.21,+0.92%,135.19,131.85,1429000,03/02/21
XEL,"XCEL Energy Inc",58.98,-0.17,-0.29%,59.42,58.2,3241300,03/02/21
XLNX,"Xilinx Inc",129.95,-3.84,-2.87%,134.41,129.82,1726400,03/02/21
XOM,"Exxon Mobil Corp",56.07,-0.33,-0.59%,56.96,56.02,30295900,03/02/21
XRAY,"Dentsply Sirona Inc",59.27,-0.44,-0.74%,60.41,58.61,2470500,03/02/21
XRX,"Xerox Corp",25.82,0.05,+0.19%,26.12,25.58,1889600,03/02/21
XYL,"Xylem Inc",101.96,-0.27,-0.26%,102.73,101.37,873000,03/02/21
YUM,"Yum! Brands",104.74,0.23,+0.22%,105.49,103.72,2450700,03/02/21
ZBH,"Zimmer Biomet Holdings",161.19,-2.21,-1.35%,163.71,160.19,1370700,03/02/21
ZBRA,"Zebra Technologies",501.62,-9.86,-1.93%,516.78,498.38,263900,03/02/21
ZION,"Zions Bancorp",54.24,-0.55,-1.00%,55.02,54.05,1027900,03/02/21
ZTS,"Zoetis Inc Cl A",157.05,-0.64,-0.41%,159.55,155.53,2039500,03/02/21
"Downloaded from Barchart.com as of 03-02-2021 07:47pm CST"
