Name,Cash_Balance
mellowHyena1,password,3875
boredRaisins1,password,93794
panickyRice1,password,98039
lovesickSmelt2,password,68954
unhappyPudding5,password,90414
puzzledGranola8,password,25421
panickyMeerkat0,password,49886
pluckyDingo1,password,76966
decimalOatmeal5,password,86494
emptyTermite0,password,76486
jumpyLizard5,password,53300
shamefulLard2,password,55469
drearyChile9,password,6886
trustingCod3,password,53216
troubledHawk3,password,29682
insecureCrane6,password,9469
aloofRhino0,password,49317
shyTuna1,password,89398
lovesickSeagull6,password,78549
lyingCow8,password,1585
blissfulBuck2,password,37626
obsessedMoth2,password,46304
offendedPiglet5,password,88660
sadSausage8,password,79403
selfishPorpoise7,password,76114
adoringTruffle5,password,20633
holisticOwl5,password,79689
awedApricots6,password,87322
selfishSnipe6,password,14401
morbidEggs1,password,57114
joyfulPoultry9,password,80665
puzzledPlover0,password,85360
wrathfulMandrill0,password,38842
fondCardinal6,password,92075
offendedBass2,password,76443
jumpySheep7,password,16801
grizzledTacos8,password,91391
mercifulTeal3,password,84144
aloofPaella5,password,89775
madSnipe6,password,10070
thrilledGelding7,password,14848
jumpyBurritos5,password,65147
giddyBoars9,password,12185
betrayedBaboon1,password,91634
resolvedCow1,password,51797
artisticRat7,password,12764
shyRat3,password,74370
euphoricShads2,password,25613
thrilledSnipe2,password,67255
euphoricSalt7,password,71352
worldlyEggs8,password,17978
contentMussel2,password,18720
lazyTomatoe8,password,66039
gleefulCur7,password,15233
yearningHare5,password,96825
hushedBoa0,password,28967
wornoutPudding1,password,41887
lovesickCaribou5,password,56753
jubilantDinosaur7,password,11417
contentPiglet2,password,46508
goofyChile8,password,12093
resolvedTermite9,password,66638
dejectedCaviar1,password,96947
crummyTeal4,password,53452
guiltyCake2,password,41928
mereMagpie2,password,74326
needfulSausage4,password,26234
resolvedSardines9,password,65073
solemnMuesli8,password,18248
exactingPoultry9,password,61548
aboardCrane4,password,44718
pitifulPie8,password,31420
ferventCaribou0,password,63887
mercifulThrushe8,password,39667
contentTruffle1,password,43100
crummyCow6,password,31933
thriftyCaribou3,password,12352
chicMuesli9,password,79929
eagerLion0,password,95291
pacifiedPoultry0,password,66562
artisticIcecream8,password,22439
chicChowder8,password,38305
eagerMussel8,password,12034
humorousOil3,password,82428
thriftySmelt0,password,52964
cynicalSalami8,password,78368
amusedSeagull2,password,51784
zestyBustard8,password,11716
dejectedSeahorse9,password,22993
needfulBagels1,password,9108
shamefulMeerkat5,password,6384
anxiousSalt1,password,59145
mellowSalami2,password,43145
chicLapwing8,password,42056
dreadfulMuesli2,password,71915
truthfulAntelope1,password,80383
ecstaticPolenta4,password,8460
offendedEland0,password,26502
wingedTomatoe3,password,35031
chicFerret4,password,54833
peskyChile6,password,90358
decimalApples9,password,39819
sheepishLion6,password,9051
peacefulDinosaur1,password,59940
hushedBuzzard1,password,50449
artisticLocust8,password,86294
ashamedJaguar5,password,19936
grudgingUnicorn7,password,8683
selfishBagels7,password,29967
boredRuffs1,password,69474
grumpyBobolink0,password,67127
excitedLard7,password,34065
holisticOryx6,password,22691
adoringThrush0,password,72869
sheepishAbalone0,password,56445
artisticOtter2,password,9826
thrilledPiglet2,password,24947
culturedLizard5,password,56366
mildViper2,password,8355
wrathfulLollies1,password,18659
debonairSeahorse4,password,28041
mellowSalami9,password,73718
crushedCow8,password,10937
wingedSalt2,password,17702
dejectedLion1,password,18109
madHyena6,password,51805
dearIcecream0,password,24828
emptyBobolink8,password,88252
culturedCardinal2,password,95602
pridefulLeopard2,password,19536
finickyGatorade5,password,26086
aboardChamois2,password,91043
needfulZebra8,password,50455
holisticPup2,password,1138
zestyWidgeon4,password,92799
abjectHare0,password,4343
culturedPiglet2,password,78709
solidCod3,password,95161
empathicCur1,password,95189
drearyTortoise1,password,76903
yearningCardinal0,password,8468
lyingGnu6,password,13134
excludedOryx8,password,65129
euphoricStork0,password,29906
similarFlamingo7,password,1536
pitifulShads7,password,88123
chicWeaver0,password,15792
needfulWigeon1,password,91635
spiritedFlamingo3,password,75879
forsakenBustard6,password,32203
tautTomatoe3,password,17105
excludedHeron7,password,83019
excitedGnu0,password,56117
needyGarlic9,password,94904
mildCordial5,password,42356
needfulThrush0,password,7493
awedThrushe6,password,90538
gloomyBagels8,password,66622
vengefulPolenta2,password,67777
enviousMallard0,password,68978
relievedLion2,password,11990
soreHoopoe9,password,98759
spiritedFlamingo6,password,64147
relievedTermite2,password,13303
curiousBasmati6,password,20447
puzzledDingo4,password,22738
crummyPonie0,password,17879
artisticHyena7,password,62233
grizzledEggs9,password,42325
grudgingCrackers7,password,87169
fondHeron4,password,93536
cynicalGatorade0,password,50386
grizzledCurlew5,password,15599
hushedSyrup1,password,19016
lyingLollies9,password,3474
grudgingWeaver0,password,90219
murkyPolenta2,password,74620
pitifulCordial2,password,81077
humorousBoars9,password,3029
wornoutTomatoe1,password,30311
goofyHare3,password,8337
pacifiedToucan5,password,7706
outlyingCurlew8,password,20105
cockyLollies5,password,25281
spiritedSalami9,password,78705
gutturalLion8,password,54502
wearyPudding5,password,64642
mereRice5,password,48293
trustingMare7,password,36228
yearningGranola8,password,66732
wakefulTruffle1,password,81503
needyViper8,password,38010
affectedBuzzard6,password,61644
cockyBasmati4,password,63697
mellowPiglet4,password,94821
wakefulChamois5,password,90004
culturedCordial9,password,24554
cynicalApricots6,password,70547
morbidCur4,password,99068
gutturalTermite5,password,43040
jumpyUnicorn6,password,87668
gutturalLlama3,password,39904
relievedRhino0,password,19036
puzzledCur1,password,46281
crushedHoopoe7,password,26361
gutturalSnipe7,password,1247
excitedMallard0,password,47898
lazyDotterel5,password,77730
fondFerret7,password,46616
dejectedUnicorn5,password,28016
worriedEagle2,password,56950
aboardTomatoe7,password,98054
wingedPie9,password,42454
morbidRhino0,password,75174
spiritedCake0,password,9292
sheepishCurlew9,password,66609
excitedShads4,password,25077
forsakenCrane2,password,28805
worldlySeafowl8,password,27140
grumpyLeopard1,password,99407
thriftyTuna8,password,2620
jumpyHare1,password,48098
exactingBurritos2,password,75234
forsakenRelish7,password,61500
morbidChowder0,password,4446
importedLeopard7,password,54079
ashamedPonie9,password,3314
trustingSardines3,password,7498
similarSnail3,password,70313
cockyHeron5,password,31034
mellowTermite9,password,2958
cheerfulEggs5,password,62599
enragedDoughnut4,password,99831
excludedTeal1,password,81957
needfulAntelope8,password,46111
shamefulDotterel3,password,12323
mildJerky1,password,16648
wingedMoth7,password,84360
fondHare6,password,14205
wearySnipe1,password,45456
cruelEggs6,password,16773
grumpySwift4,password,98386
worldlyCow1,password,87026
panickyGranola0,password,95208
adoringWasp7,password,94232
holisticGelding3,password,76148
alertPorpoise8,password,77946
adoringCake8,password,67946
abjectMoth5,password,19006
eagerLard6,password,68889
peacefulTruffle5,password,55032
soreWeaver5,password,52218
enragedWidgeon9,password,26059
innocentRice4,password,18575
holisticWasp1,password,48693
soreApples9,password,85788
worriedWasp2,password,67383
morbidKitten7,password,19046
worldlyGnu5,password,31710
resolvedDotterel2,password,83759
sincereRat6,password,66327
grumpyOryx4,password,7100
selfishBoa4,password,86935
unhappySalt2,password,39286
pitifulGatorade4,password,59443
unhappyGatorade0,password,48836
zestyZebra4,password,94311
peskyOil2,password,3852
wrathfulViper6,password,51961
cynicalBoa2,password,2959
sugaryMussel6,password,68081
holisticTacos4,password,20352
vengefulCaribou0,password,28021
scornfulFish5,password,21759
adoringRelish9,password,23909
somberApricots1,password,93718
murkySardines8,password,2493
resolvedOatmeal8,password,71450
abjectDinosaur4,password,9875
innocentChough8,password,47611
tautSwift6,password,61018
innocentPiglet8,password,18029
shyLion4,password,32339
lyingTuna0,password,39286
wakefulOrange5,password,98706
forsakenChamois3,password,4338
pridefulEagle2,password,28460
solidZebra1,password,99070
cruelCaribou1,password,1847
cautiousGnu3,password,14191
mereSeafowl9,password,86940
blissfulDunbird0,password,26989
ashamedCaribou8,password,80901
relievedMare3,password,2257
pleasedEagle6,password,34909
panickySausage3,password,72131
truthfulCoconut7,password,50287
ashamedFish7,password,44846
zestyToucan8,password,48937
empathicPorpoise7,password,56703
grizzledBobolink9,password,58169
amazedCow4,password,9305
jumpyBittern2,password,26596
cruelSnipe7,password,65762
importedTermite6,password,89361
emptyBoa2,password,80572
puzzledLizard4,password,74173
stressedCrackers3,password,85627
goofyBass6,password,99153
brainyGarlic8,password,43889
adoringWhiting2,password,99885
needyCheese2,password,74937
worldlyApples1,password,99903
ardentSeagull3,password,96858
mildOcelot1,password,52666
chicPlover9,password,41670
aloofCoconut2,password,64065
ardentOtter8,password,41526
grudgingPear5,password,96765
needyLizard9,password,60632
shyApples0,password,55481
humorousCheese7,password,84184
ashamedIguana6,password,14500
cockyDotterel8,password,27684
similarBuck1,password,42199
decimalPup2,password,4553
unhappyKitten4,password,29060
betrayedEggs5,password,77799
trustingBagels9,password,36219
thriftyWigeon6,password,10373
abjectBustard9,password,95176
sincerePretzels7,password,59347
awedBittern8,password,61713
excludedUnicorn3,password,63167
yearningLizard5,password,78676
vengefulHare4,password,58201
holisticTeal6,password,69932
holisticPie4,password,15872
drearyGranola1,password,57705
scornfulBuck5,password,98321
crummyBasmati6,password,13748
curiousDunbird4,password,64241
jubilantCheetah9,password,86931
ferventBittern4,password,61084
enviousPiglet0,password,43041
needfulPepper7,password,51244
madClam0,password,34504
yearningHawk5,password,21634
morbidHeron2,password,17925
grudgingCamel3,password,30960
vengefulTomatoe8,password,93287
wrathfulBass8,password,31665
soreOatmeal4,password,41339
madTomatoe4,password,50143
annoyedSausage7,password,6895
ferventSnipe4,password,95859
solidQuiche4,password,28771
sadToucan7,password,27269
curiousTacos5,password,5216
crushedSheep0,password,63182
relievedRice0,password,10796
importedBittern8,password,79387
soreGnu9,password,21430
enviousLemur6,password,93003
truthfulPlover5,password,8296
eagerLion6,password,85966
culturedSalt8,password,69157
abjectApricots3,password,50498
holisticDoughnut2,password,20756
ferventHoopoe7,password,25024
solidTortoise8,password,30127
dreadfulBaboon5,password,22758
humorousThrush7,password,58208
trustingBittern0,password,77410
emptyGelding6,password,33656
trustingPepper4,password,16361
sugaryJaguar6,password,97825
yearningSausage3,password,19584
annoyedSausage3,password,1055
humorousGranola2,password,9206
wakefulPudding9,password,80416
resolvedRelish8,password,6426
crummyToucan1,password,33334
pitifulEggs0,password,55908
amusedPiglet9,password,10366
cautiousEagle5,password,71361
boredFerret1,password,45883
forsakenWigeon8,password,70572
lyingMoth3,password,1799
superiorCamel0,password,18075
dopeyZebra3,password,85107
amazedAbalone4,password,23436
yearningLion2,password,86185
sincereTuna0,password,37183
pluckyKitten8,password,25698
curiousFish4,password,96574
decimalFalcon7,password,67206
dreadfulSnail7,password,16142
gloomyChamois9,password,47086
crummyTomatoe2,password,5644
sugaryChowder4,password,25941
cruelRice9,password,50944
eagerWildfowl8,password,93929
decimalFlamingo0,password,13726
sheepishCheese3,password,23854
cruelChamois8,password,54723
artisticBoa7,password,28872
relievedMuesli6,password,39697
aloofPolenta1,password,98653
yearningClam4,password,76668
humorousRat9,password,99459
solemnTuna1,password,43434
mellowSheep1,password,68867
stressedUnicorn3,password,74752
boastfulGnu9,password,98943
enragedCrane4,password,88977
lovesickFish7,password,46506
spiritedMacaw0,password,77495
mereSnail1,password,96621
humorousLion1,password,81330
sugaryRelish4,password,55957
mellowPorpoise8,password,55952
adoringCordial1,password,45269
excitedThrushe9,password,38569
madRhino3,password,6342
cynicalSwift6,password,53423
needySeafowl9,password,40615
ferventThrush2,password,66676
innocentTruffle8,password,85679
wornoutSnail5,password,97165
resolvedViper2,password,78026
amazedPlover5,password,39000
exactingPretzels3,password,54577
murkyDoves8,password,15073
unhappyKitten0,password,60508
mercifulMandrill3,password,37987
zestyBagels2,password,84299
debonairOwl0,password,94489
innocentDingo2,password,31656
amazedRuffs3,password,96185
scornfulGranola2,password,89187
artisticSausage0,password,36624
goofyChile3,password,71648
betrayedThrushe5,password,4961
jumpyJerky9,password,7039
outlyingSnipe3,password,39387
gleefulFish5,password,66598
betrayedLlama0,password,98630
pleasedIguana9,password,24978
hushedPiglet5,password,57462
boredApricots6,password,5730
selfishFlamingo3,password,31476
somberRelish7,password,28621
sincereTuna3,password,63337
guiltyCheetah1,password,63307
euphoricChamois1,password,66181
forsakenCake2,password,75719
cautiousSwift6,password,3664
drearyBaboon9,password,10235
panickyGranola2,password,97600
peskySyrup2,password,34826
emptyFalcon5,password,54261
contentDoughnut5,password,59609
decimalLollies3,password,19955
jealousZebra4,password,68195
mildPoultry0,password,88818
aloofPoultry7,password,88644
lyingFerret6,password,48879
wearyDunbird8,password,55273
annoyedFlamingo0,password,85443
pacifiedBass4,password,68140
gleefulSalt0,password,70146
insecureFish7,password,87484
amusedCordial0,password,81168
troubledAbalone2,password,17398
jealousBustard5,password,68663
forsakenHawk2,password,82917
awedMoth3,password,33674
offendedApples8,password,38788
amazedOcelot5,password,30725
worriedCow7,password,87589
insecureKitten3,password,73897
dopeyPiglet0,password,76325
dejectedBuzzard9,password,66434
wakefulBuzzard2,password,29716
shamefulCamel1,password,99541
affectedCrackers4,password,1904
grizzledPoultry8,password,60490
dreadfulBaboon1,password,10802
crummyMuesli2,password,50190
sheepishChough8,password,24713
mellowQuiche3,password,96513
anxiousBagels0,password,47078
drearyCurlew7,password,50025
insecureFerret8,password,1523
betrayedBittern6,password,18131
yearningMagpie0,password,72015
empathicFish4,password,84192
importedSalami9,password,57091
thrilledTuna2,password,95740
troubledJaguar6,password,92398
mercifulChile4,password,12625
panickySardines4,password,32487
pluckyFlamingo7,password,44721
dopeyMandrill0,password,62779
vengefulPoultry0,password,8248
obsessedSmelt5,password,43939
insecureSnail2,password,9066
wornoutWeaver0,password,89242
zestyThrushe9,password,82466
blissfulMussel3,password,65682
madLapwing7,password,31118
giddyPorpoise4,password,91936
vengefulSeahorse0,password,68401
peskyBustard6,password,99029
awedLapwing7,password,89339
eagerOryx5,password,27182
somberTruffle6,password,82048
boredMallard1,password,17357
solemnCamel5,password,97799
gloomyHeron2,password,38110
soreShads2,password,40941
cautiousCurlew5,password,56947
worriedHare5,password,83145
bubblyWidgeon3,password,4052
solemnCoconut4,password,26491
ashamedUnicorn4,password,24332
fondOwl6,password,92417
lovesickRhino6,password,87349
solemnLeopard8,password,23037
empathicPoultry0,password,76742
somberPonie9,password,13081
insecureMeerkat0,password,82891
wearyWeaver6,password,39383
wornoutThrush7,password,60587
mercifulOtter0,password,53039
debonairBoa8,password,91027
drearyChile1,password,40272
needyCheetah1,password,71434
needySeagull1,password,23376
mellowWidgeon2,password,44970
gutturalThrush4,password,59956
jealousBustard0,password,84376
adoringDove3,password,8833
cockyGarlic3,password,74423
betrayedAbalone6,password,49042
yearningLeopard9,password,2687
giddyCow7,password,55219
crushedMallard3,password,56885
contentShads0,password,40398
empathicDove3,password,40121
trustingCrackers4,password,57791
anxiousCardinal4,password,29173
superiorSardines1,password,3143
goofyLion1,password,52740
sincereCheese9,password,63495
offendedWildfowl7,password,41786
adoringGatorade1,password,50026
amazedRat4,password,33067
sheepishLlama2,password,98626
murkyEagle8,password,54236
goofyPie9,password,43152
pacifiedHoopoe5,password,29017
mellowLeopard8,password,44753
panickyMandrill1,password,61734
needfulChowder6,password,59854
murkyKitten1,password,65902
kindHyena8,password,51937
yearningGarlic3,password,61923
wingedLard4,password,2254
pacifiedSardines5,password,94923
grudgingLlama5,password,36242
lovesickKitten7,password,39198
sugaryMeerkat2,password,19011
fondKitten3,password,8850
offendedOwl8,password,13172
blissfulLapwing8,password,46404
holisticEggs6,password,69697
blissfulOryx3,password,42984
gutturalLlama3,password,98165
enragedRelish3,password,36722
thriftyMoth1,password,54229
cautiousPolenta0,password,76755
aloofCake3,password,56733
curiousBittern0,password,54378
betrayedCoconut1,password,53957
peacefulPup2,password,59566
sincereTomatoe6,password,60848
mercifulVenison6,password,12409
annoyedBass1,password,47107
wearyMoth6,password,79364
morbidCake2,password,88184
pridefulMoth6,password,75713
pitifulHyena2,password,22580
amazedCrane1,password,82004
trustingBasmati6,password,7331
sheepishMoth2,password,55662
peskyChamois8,password,34142
ecstaticEagle3,password,48397
lazyDingo9,password,69158
aloofBaboon2,password,13902
lyingRice0,password,29551
hushedPlover0,password,15977
ashamedLizard4,password,94960
lyingCurlew1,password,87340
excitedPaella6,password,97144
goofyFlamingo3,password,89979
forsakenLard1,password,50663
hushedThrushe6,password,51672
pleasedCrackers0,password,79859
ashamedCurlew3,password,91712
alertRaisins1,password,11659
wornoutSeafowl3,password,1942
culturedZebra9,password,29519
dreadfulIcecream3,password,49414
lovesickGatorade5,password,88429
selfishOatmeal3,password,70630
adoringLlama3,password,33659
blissfulEggs6,password,33263
soreBass8,password,43927
alertBagels3,password,48765
murkyCoati7,password,50468
outlyingLeopard3,password,86662
resolvedRaisins6,password,65383
debonairEggs7,password,19516
dearEggs4,password,53698
humorousOil3,password,54547
crummyCaviar7,password,48932
dearHeron0,password,38181
shamefulMacaw7,password,72860
obsessedRelish7,password,8411
jubilantCow4,password,6502
madWasp8,password,77225
vengefulPie0,password,99880
cruelSwift0,password,55345
wakefulPoultry8,password,92309
superiorDove6,password,78244
emptyTomatoe6,password,42497
crummySeagull3,password,59925
peacefulCake8,password,50650
adoringMacaw0,password,19220
goofyPlover1,password,6027
enragedPlover3,password,93189
somberDoughnut8,password,26210
madChowder0,password,85473
sincereBurritos0,password,1264
scornfulDotterel0,password,78001
excitedTacos8,password,83194
forsakenHoopoe4,password,98996
obsessedCur2,password,79708
cruelSeafowl0,password,54633
importedBoa0,password,74156
amazedCaribou6,password,21269
worriedCaribou8,password,91514
truthfulSausage8,password,6591
relievedLemur5,password,11601
cheerfulCheetah1,password,72015
fondBasmati5,password,10304
pridefulOryx7,password,61136
gloomyOwl4,password,5239
guiltyThrushe8,password,76049
exactingWeaver7,password,86341
crummyPudding1,password,65503
artisticIcecream3,password,2050
crummyApples1,password,50873
troubledRelish1,password,52094
dearSardines8,password,17097
gloomyFlamingo7,password,90553
worriedCockatoo3,password,50270
wornoutFalcon2,password,42276
guiltyWhiting5,password,53371
wakefulMeerkat6,password,70263
sheepishBuzzard4,password,34616
contentOtter2,password,11482
jealousAntelope1,password,72651
yearningLollies0,password,49718
peskyTeal3,password,96289
brainyTeal4,password,5062
stressedFalcon0,password,17719
soreSeahorse5,password,34646
similarHyena4,password,58872
pridefulShads4,password,56968
unhappyStork4,password,60886
truthfulWasp2,password,8345
peacefulPup1,password,94372
gutturalCheetah7,password,59003
jealousBurritos0,password,36047
worldlyCardinal7,password,44035
cynicalGnu3,password,85296
crummyCake9,password,58778
selfishBuzzard2,password,94561
finickyRat6,password,90170
brainyCamel9,password,87720
wingedCur3,password,38227
adoringToucan5,password,22540
soreSmelt4,password,95750
outlyingSeagull7,password,50033
euphoricWigeon0,password,39946
shySalami9,password,17120
jumpyCaviar5,password,54907
vengefulTomatoe8,password,14329
artisticEggs3,password,47971
resolvedApricots5,password,90534
scornfulPie2,password,88067
sadMussel2,password,4664
goofyHawk9,password,3019
superiorBuzzard6,password,59801
exactingSardines6,password,78012
adoringCoati7,password,35470
stressedPorpoise2,password,21239
importedWasp1,password,88312
ecstaticZebra5,password,56774
insecureSalt8,password,27985
morbidOwl9,password,80617
somberOrange8,password,77773
worldlyGatorade4,password,1134
enviousFish4,password,41923
dopeyTuna2,password,17254
yearningCoconut8,password,81022
madOryx6,password,6499
pleasedLocust1,password,90182
affectedCow6,password,34026
cautiousSmelt5,password,21195
enragedPorpoise7,password,69832
cheerfulCaribou1,password,70497
dearEggs3,password,24198
gleefulRice2,password,27206
lazyZebra3,password,57510
alertDingo9,password,7210
debonairPolenta1,password,78330
gleefulBoa2,password,10395
wearyCurlew6,password,16802
peskyChowder5,password,4566
joyfulQuiche5,password,43168
drearySeagull6,password,21770
grizzledBass2,password,54777
insecureLocust7,password,45925
panickyShads8,password,36066
fondPie1,password,64181
enragedBagels4,password,43964
needyTacos4,password,49443
betrayedMacaw1,password,33048
somberSardines3,password,40933
resolvedPear9,password,21871
outlyingChile8,password,13116
dearCur9,password,34588
shamefulDotterel5,password,75508
pitifulChowder5,password,27289
mellowThrushe5,password,98597
betrayedKitten1,password,43279
pridefulPepper4,password,25164
culturedEggs2,password,13502
pluckyTortoise0,password,98858
somberBoars2,password,49702
jealousCurlew2,password,9794
dreadfulDove0,password,26234
pridefulAbalone3,password,58761
contentCoati9,password,92645
pluckyBuzzard0,password,53401
pacifiedTacos0,password,71447
worldlyWigeon8,password,40737
debonairPonie8,password,31215
dearGatorade9,password,47699
chicDoughnut7,password,40461
chicToucan4,password,75460
cruelHoopoe5,password,67627
cheerfulSmelt7,password,43157
excludedQuiche6,password,93965
aloofBurritos6,password,42703
pleasedSyrup2,password,21816
somberTeal5,password,94421
peskyCheese3,password,46289
thrilledBass4,password,14041
unhappyBuzzard7,password,82837
worldlyChamois8,password,45931
contentPonie5,password,57713
kindSwift5,password,45005
gleefulGelding2,password,18484
peskyPudding9,password,32577
blissfulRice5,password,10311
wearyLocust6,password,24882
anxiousCow7,password,65549
dopeyPonie4,password,54672
blissfulLollies6,password,18561
ardentLlama3,password,45507
enviousChough3,password,71014
solemnChamois7,password,10074
worriedOil8,password,47724
chicSausage6,password,7790
adoringCoati6,password,5112
mildTacos4,password,65957
cheerfulTomatoe3,password,52622
anxiousApricots4,password,83730
mercifulPudding6,password,7277
pridefulPorpoise6,password,99973
jumpyHoopoe4,password,95209
lovesickJerky8,password,81737
somberCur9,password,79687
mellowPoultry8,password,50068
solidOwl1,password,29446
betrayedWildfowl5,password,65214
scornfulLlama7,password,86245
enviousFerret7,password,67327
grumpyOryx1,password,97538
chicCheetah4,password,10704
thriftyGnu8,password,27970
thrilledWidgeon0,password,23026
forsakenFlamingo0,password,99681
boredCockatoo1,password,30869
obsessedPorpoise8,password,58236
pacifiedRelish3,password,16878
truthfulWasp9,password,16839
gutturalViper8,password,91705
betrayedUnicorn6,password,78552
cautiousMagpie6,password,45935
mereMagpie3,password,77528
panickyDinosaur6,password,95321
troubledBittern1,password,87642
abjectPudding3,password,38138
ferventFlamingo1,password,88378
unhappyHeron6,password,12603
sugaryTuna6,password,9857
enragedBasmati6,password,63199
grizzledToucan8,password,75615
troubledBass1,password,85907
affectedFalcon3,password,63644
obsessedAbalone6,password,79624
ferventShads0,password,35174
finickyLeopard3,password,59983
exactingMandrill7,password,99064
excludedRat7,password,71823
ardentCardinal0,password,42148
ashamedSeahorse8,password,6315
gloomyLeopard0,password,40050
cruelSnail5,password,92938
lazyMussel2,password,89311
somberRhino6,password,38152
alertPear0,password,2468
lazyCake3,password,18736
betrayedMussel3,password,50989
dearMeerkat4,password,28671
exactingHawk0,password,54342
affectedSardines4,password,86842
cockyCurlew5,password,31088
enragedApricots3,password,11038
thriftyPepper0,password,14923
decimalDove4,password,95911
crushedEland1,password,2985
gloomyOrange6,password,13117
gutturalDingo4,password,50021
culturedOcelot1,password,27933
goofyStork9,password,12259
aboardBuzzard0,password,56175
worriedMeerkat2,password,2452
morbidFlamingo2,password,70776
annoyedClam1,password,86096
forsakenAntelope2,password,86659
artisticSmelt2,password,59740
crummyCur0,password,35095
sugaryCordial3,password,36421
crushedMallard4,password,68348
relievedPiglet1,password,31327
stressedCoconut3,password,43393
vengefulSalami9,password,76922
drearyGranola1,password,80049
superiorLollies7,password,53750
shamefulSyrup5,password,49979
chicPup0,password,64412
truthfulFish3,password,92664
worldlyFlamingo2,password,88448
crummySheep1,password,7419
gutturalCamel8,password,15490
anxiousMoth1,password,56901
amusedHeron3,password,5164
amazedFalcon0,password,2771
curiousHyena0,password,21387
hushedHare3,password,43443
joyfulMuesli2,password,49551
cockyIguana2,password,47950
culturedCaviar9,password,59294
enviousZebra9,password,32355
lazyCamel5,password,12461
dearSnipe9,password,95720
grudgingDingo7,password,1557
drearyUnicorn3,password,93292
cautiousSausage1,password,76027
alertLlama3,password,92196
zestyMeerkat0,password,2414
offendedRat9,password,12011
annoyedBass1,password,8084
troubledMuesli7,password,54870
dreadfulCamel5,password,57594
lazyCurlew6,password,34268
sugaryTruffle4,password,23284
emptyWhiting9,password,95885
emptyGranola1,password,47301
thrilledIcecream6,password,66113
sadChough7,password,82967
madWildfowl0,password,36563
exactingKitten0,password,14443
relievedPorpoise4,password,4318
forsakenRelish9,password,78106
wingedChowder0,password,4070
stressedSheep2,password,70906
shyRaisins5,password,71924
truthfulSyrup8,password,92638
dreadfulWidgeon8,password,64827
drearyGarlic9,password,61151
spiritedOatmeal7,password,10315
troubledPudding9,password,53160
euphoricIcecream6,password,20074
sincereLeopard0,password,69696
cockyToucan1,password,24533
panickyFerret3,password,65207
needyCur1,password,39256
boastfulSyrup2,password,2958
mereRelish3,password,5924
jumpyRuffs7,password,66456
somberLlama7,password,19233
offendedQuiche7,password,63842
pluckyPear7,password,29339
crushedCrane8,password,56568
unhappyMacaw7,password,81838
lazyRuffs9,password,73993
curiousLion6,password,36657
ferventDoughnut4,password,73784
similarBass6,password,90204
pitifulTacos0,password,84552
jumpyChamois8,password,36730
enviousShads5,password,91639
wrathfulTruffle6,password,72263
holisticMackerel6,password,14251
sugaryCoati6,password,58239
emptyZebra5,password,51497
shyCrane5,password,45076
dreadfulChamois2,password,91989
chicBoa4,password,38986
obsessedLemur0,password,62791
dopeyBoa5,password,17464
mildOcelot5,password,7110
annoyedPolenta3,password,89552
somberGranola5,password,9684
euphoricLollies1,password,11268
dopeyMandrill1,password,26278
affectedTuna2,password,49214
wornoutDoves3,password,90156
hushedPear4,password,95501
vengefulLocust0,password,45722
grizzledBuck1,password,58537
relievedRelish9,password,23587
guiltyEagle3,password,65892
panickyBuzzard8,password,39553
cynicalBurritos4,password,19842
crushedQuiche4,password,14352
somberUnicorn3,password,24877
lazyCoati3,password,62255
bubblyMoth4,password,91960
pluckyZebra3,password,25148
ecstaticDinosaur9,password,41416
crushedChamois9,password,90411
superiorFish5,password,77008
adoringMagpie7,password,73121
awedMeerkat5,password,49001
resolvedMagpie9,password,44624
thriftySyrup0,password,87065
pleasedRelish9,password,72392
guiltyCardinal4,password,93266
importedHoopoe1,password,43463
cockyOryx2,password,11535
innocentBuzzard6,password,40687
gloomyHoopoe0,password,98708
boastfulPudding2,password,51794
cheerfulGelding0,password,4943
gutturalSausage3,password,80800
lovesickBaboon3,password,55923
peacefulLion9,password,82331
cruelMoth1,password,33154
enragedTacos4,password,69740
goofyCaribou1,password,90605
morbidMallard2,password,83833
bubblyMuesli1,password,80339
solidCoconut8,password,66269
mellowSheep8,password,1778
sadThrush3,password,5215
grudgingRat3,password,15809
pleasedPolenta4,password,84903
grizzledDotterel9,password,33307
scornfulWidgeon7,password,28370
grudgingDove4,password,95742
murkyApricots3,password,43171
peskySnipe8,password,74275
decimalTuna9,password,58883
humorousSyrup8,password,44439
contentChough3,password,16471
humorousDingo6,password,70533
wearySnipe5,password,35229
needfulCockatoo6,password,68005
needyPepper6,password,77422
boastfulDoves6,password,27827
wingedRice7,password,49280
